<?xml version="1.0" encoding="UTF-8"?>
<soapenv:Envelope xmlns:soapenv="http://schemas.xmlsoap.org/soap/envelope/">
<soapenv:Header xmlns:cus="http://schemas.auf.com/integration/customer" xmlns:com="http://schemas.auf.com/integration/common">
<com:AUFHeaderResponse>
<com:RequestId>4349143947</com:RequestId>
</com:AUFHeaderResponse>
</soapenv:Header>
<soapenv:Body xmlns:cus="http://schemas.auf.com/integration/customer" xmlns:com="http://schemas.auf.com/integration/common">
<ns2:GetCallerIdentificationDetailsResponse xmlns:ns2="http://schemas.auf.com/integration/customer">
<ns2:TransactionStatus>
<com:ResponseCode>0</com:ResponseCode>
<com:ResponseMessage>Success</com:ResponseMessage>
<com:ExtendedErrorDetails>
<com:messages>
<com:code>0</com:code>
</com:messages>
</com:ExtendedErrorDetails>
</ns2:TransactionStatus>
<ns2:CallerIdentificationDetails>
<ns2:CustomerId>605964</ns2:CustomerId>
<ns2:AccountNumber>1661222010002808</ns2:AccountNumber>
<ns2:PreferredLanguage>ENG</ns2:PreferredLanguage>
</ns2:CallerIdentificationDetails>
<ns2:CallerIdentificationDetails>
<ns2:CustomerId>605964</ns2:CustomerId>
<ns2:AccountNumber>1662222010002610</ns2:AccountNumber>
<ns2:PreferredLanguage>ENG</ns2:PreferredLanguage>
</ns2:CallerIdentificationDetails>
<ns2:CallerIdentificationDetails>
<ns2:CustomerId>605964</ns2:CustomerId>
<ns2:AccountNumber>1662222010002611</ns2:AccountNumber>
<ns2:PreferredLanguage>ENG</ns2:PreferredLanguage>
</ns2:CallerIdentificationDetails>
<ns2:CallerIdentificationDetails>
<ns2:CustomerId>6059644</ns2:CustomerId>
<ns2:AccountNumber>166222201077770</ns2:AccountNumber>
<ns2:PreferredLanguage>ENG</ns2:PreferredLanguage>
</ns2:CallerIdentificationDetails>
</ns2:GetCallerIdentificationDetailsResponse>
</soapenv:Body>
</soapenv:Envelope>